[
{
    "model": "auth.permission",
    "pk": 1,
    "fields": {
        "name": "Can add log entry",
        "content_type": 1,
        "codename": "add_logentry"
    }
},
{
    "model": "auth.permission",
    "pk": 2,
    "fields": {
        "name": "Can change log entry",
        "content_type": 1,
        "codename": "change_logentry"
    }
},
{
    "model": "auth.permission",
    "pk": 3,
    "fields": {
        "name": "Can delete log entry",
        "content_type": 1,
        "codename": "delete_logentry"
    }
},
{
    "model": "auth.permission",
    "pk": 4,
    "fields": {
        "name": "Can view log entry",
        "content_type": 1,
        "codename": "view_logentry"
    }
},
{
    "model": "auth.permission",
    "pk": 5,
    "fields": {
        "name": "Can add permission",
        "content_type": 2,
        "codename": "add_permission"
    }
},
{
    "model": "auth.permission",
    "pk": 6,
    "fields": {
        "name": "Can change permission",
        "content_type": 2,
        "codename": "change_permission"
    }
},
{
    "model": "auth.permission",
    "pk": 7,
    "fields": {
        "name": "Can delete permission",
        "content_type": 2,
        "codename": "delete_permission"
    }
},
{
    "model": "auth.permission",
    "pk": 8,
    "fields": {
        "name": "Can view permission",
        "content_type": 2,
        "codename": "view_permission"
    }
},
{
    "model": "auth.permission",
    "pk": 9,
    "fields": {
        "name": "Can add group",
        "content_type": 3,
        "codename": "add_group"
    }
},
{
    "model": "auth.permission",
    "pk": 10,
    "fields": {
        "name": "Can change group",
        "content_type": 3,
        "codename": "change_group"
    }
},
{
    "model": "auth.permission",
    "pk": 11,
    "fields": {
        "name": "Can delete group",
        "content_type": 3,
        "codename": "delete_group"
    }
},
{
    "model": "auth.permission",
    "pk": 12,
    "fields": {
        "name": "Can view group",
        "content_type": 3,
        "codename": "view_group"
    }
},
{
    "model": "auth.permission",
    "pk": 13,
    "fields": {
        "name": "Can add user",
        "content_type": 4,
        "codename": "add_user"
    }
},
{
    "model": "auth.permission",
    "pk": 14,
    "fields": {
        "name": "Can change user",
        "content_type": 4,
        "codename": "change_user"
    }
},
{
    "model": "auth.permission",
    "pk": 15,
    "fields": {
        "name": "Can delete user",
        "content_type": 4,
        "codename": "delete_user"
    }
},
{
    "model": "auth.permission",
    "pk": 16,
    "fields": {
        "name": "Can view user",
        "content_type": 4,
        "codename": "view_user"
    }
},
{
    "model": "auth.permission",
    "pk": 17,
    "fields": {
        "name": "Can add content type",
        "content_type": 5,
        "codename": "add_contenttype"
    }
},
{
    "model": "auth.permission",
    "pk": 18,
    "fields": {
        "name": "Can change content type",
        "content_type": 5,
        "codename": "change_contenttype"
    }
},
{
    "model": "auth.permission",
    "pk": 19,
    "fields": {
        "name": "Can delete content type",
        "content_type": 5,
        "codename": "delete_contenttype"
    }
},
{
    "model": "auth.permission",
    "pk": 20,
    "fields": {
        "name": "Can view content type",
        "content_type": 5,
        "codename": "view_contenttype"
    }
},
{
    "model": "auth.permission",
    "pk": 21,
    "fields": {
        "name": "Can add session",
        "content_type": 6,
        "codename": "add_session"
    }
},
{
    "model": "auth.permission",
    "pk": 22,
    "fields": {
        "name": "Can change session",
        "content_type": 6,
        "codename": "change_session"
    }
},
{
    "model": "auth.permission",
    "pk": 23,
    "fields": {
        "name": "Can delete session",
        "content_type": 6,
        "codename": "delete_session"
    }
},
{
    "model": "auth.permission",
    "pk": 24,
    "fields": {
        "name": "Can view session",
        "content_type": 6,
        "codename": "view_session"
    }
},
{
    "model": "auth.permission",
    "pk": 25,
    "fields": {
        "name": "Can add cliente",
        "content_type": 7,
        "codename": "add_cliente"
    }
},
{
    "model": "auth.permission",
    "pk": 26,
    "fields": {
        "name": "Can change cliente",
        "content_type": 7,
        "codename": "change_cliente"
    }
},
{
    "model": "auth.permission",
    "pk": 27,
    "fields": {
        "name": "Can delete cliente",
        "content_type": 7,
        "codename": "delete_cliente"
    }
},
{
    "model": "auth.permission",
    "pk": 28,
    "fields": {
        "name": "Can view cliente",
        "content_type": 7,
        "codename": "view_cliente"
    }
},
{
    "model": "auth.permission",
    "pk": 29,
    "fields": {
        "name": "Can add empleado",
        "content_type": 8,
        "codename": "add_empleado"
    }
},
{
    "model": "auth.permission",
    "pk": 30,
    "fields": {
        "name": "Can change empleado",
        "content_type": 8,
        "codename": "change_empleado"
    }
},
{
    "model": "auth.permission",
    "pk": 31,
    "fields": {
        "name": "Can delete empleado",
        "content_type": 8,
        "codename": "delete_empleado"
    }
},
{
    "model": "auth.permission",
    "pk": 32,
    "fields": {
        "name": "Can view empleado",
        "content_type": 8,
        "codename": "view_empleado"
    }
},
{
    "model": "auth.permission",
    "pk": 33,
    "fields": {
        "name": "Can add medicamento",
        "content_type": 9,
        "codename": "add_medicamento"
    }
},
{
    "model": "auth.permission",
    "pk": 34,
    "fields": {
        "name": "Can change medicamento",
        "content_type": 9,
        "codename": "change_medicamento"
    }
},
{
    "model": "auth.permission",
    "pk": 35,
    "fields": {
        "name": "Can delete medicamento",
        "content_type": 9,
        "codename": "delete_medicamento"
    }
},
{
    "model": "auth.permission",
    "pk": 36,
    "fields": {
        "name": "Can view medicamento",
        "content_type": 9,
        "codename": "view_medicamento"
    }
},
{
    "model": "auth.permission",
    "pk": 37,
    "fields": {
        "name": "Can add proveedor",
        "content_type": 10,
        "codename": "add_proveedor"
    }
},
{
    "model": "auth.permission",
    "pk": 38,
    "fields": {
        "name": "Can change proveedor",
        "content_type": 10,
        "codename": "change_proveedor"
    }
},
{
    "model": "auth.permission",
    "pk": 39,
    "fields": {
        "name": "Can delete proveedor",
        "content_type": 10,
        "codename": "delete_proveedor"
    }
},
{
    "model": "auth.permission",
    "pk": 40,
    "fields": {
        "name": "Can view proveedor",
        "content_type": 10,
        "codename": "view_proveedor"
    }
},
{
    "model": "auth.permission",
    "pk": 41,
    "fields": {
        "name": "Can add farmacia",
        "content_type": 11,
        "codename": "add_farmacia"
    }
},
{
    "model": "auth.permission",
    "pk": 42,
    "fields": {
        "name": "Can change farmacia",
        "content_type": 11,
        "codename": "change_farmacia"
    }
},
{
    "model": "auth.permission",
    "pk": 43,
    "fields": {
        "name": "Can delete farmacia",
        "content_type": 11,
        "codename": "delete_farmacia"
    }
},
{
    "model": "auth.permission",
    "pk": 44,
    "fields": {
        "name": "Can view farmacia",
        "content_type": 11,
        "codename": "view_farmacia"
    }
},
{
    "model": "auth.permission",
    "pk": 45,
    "fields": {
        "name": "Can add inventario",
        "content_type": 12,
        "codename": "add_inventario"
    }
},
{
    "model": "auth.permission",
    "pk": 46,
    "fields": {
        "name": "Can change inventario",
        "content_type": 12,
        "codename": "change_inventario"
    }
},
{
    "model": "auth.permission",
    "pk": 47,
    "fields": {
        "name": "Can delete inventario",
        "content_type": 12,
        "codename": "delete_inventario"
    }
},
{
    "model": "auth.permission",
    "pk": 48,
    "fields": {
        "name": "Can view inventario",
        "content_type": 12,
        "codename": "view_inventario"
    }
},
{
    "model": "auth.permission",
    "pk": 49,
    "fields": {
        "name": "Can add categoria",
        "content_type": 13,
        "codename": "add_categoria"
    }
},
{
    "model": "auth.permission",
    "pk": 50,
    "fields": {
        "name": "Can change categoria",
        "content_type": 13,
        "codename": "change_categoria"
    }
},
{
    "model": "auth.permission",
    "pk": 51,
    "fields": {
        "name": "Can delete categoria",
        "content_type": 13,
        "codename": "delete_categoria"
    }
},
{
    "model": "auth.permission",
    "pk": 52,
    "fields": {
        "name": "Can view categoria",
        "content_type": 13,
        "codename": "view_categoria"
    }
},
{
    "model": "auth.permission",
    "pk": 53,
    "fields": {
        "name": "Can add pedido",
        "content_type": 14,
        "codename": "add_pedido"
    }
},
{
    "model": "auth.permission",
    "pk": 54,
    "fields": {
        "name": "Can change pedido",
        "content_type": 14,
        "codename": "change_pedido"
    }
},
{
    "model": "auth.permission",
    "pk": 55,
    "fields": {
        "name": "Can delete pedido",
        "content_type": 14,
        "codename": "delete_pedido"
    }
},
{
    "model": "auth.permission",
    "pk": 56,
    "fields": {
        "name": "Can view pedido",
        "content_type": 14,
        "codename": "view_pedido"
    }
},
{
    "model": "auth.permission",
    "pk": 57,
    "fields": {
        "name": "Can add receta",
        "content_type": 15,
        "codename": "add_receta"
    }
},
{
    "model": "auth.permission",
    "pk": 58,
    "fields": {
        "name": "Can change receta",
        "content_type": 15,
        "codename": "change_receta"
    }
},
{
    "model": "auth.permission",
    "pk": 59,
    "fields": {
        "name": "Can delete receta",
        "content_type": 15,
        "codename": "delete_receta"
    }
},
{
    "model": "auth.permission",
    "pk": 60,
    "fields": {
        "name": "Can view receta",
        "content_type": 15,
        "codename": "view_receta"
    }
},
{
    "model": "auth.permission",
    "pk": 61,
    "fields": {
        "name": "Can add venta",
        "content_type": 16,
        "codename": "add_venta"
    }
},
{
    "model": "auth.permission",
    "pk": 62,
    "fields": {
        "name": "Can change venta",
        "content_type": 16,
        "codename": "change_venta"
    }
},
{
    "model": "auth.permission",
    "pk": 63,
    "fields": {
        "name": "Can delete venta",
        "content_type": 16,
        "codename": "delete_venta"
    }
},
{
    "model": "auth.permission",
    "pk": 64,
    "fields": {
        "name": "Can view venta",
        "content_type": 16,
        "codename": "view_venta"
    }
},
{
    "model": "auth.user",
    "pk": 1,
    "fields": {
        "password": "pbkdf2_sha256$870000$OMhTL0AJSSBDU8K7IOmS5k$evC7gIgM5E4YsaZyiSB93Z61PTjAZg0kru16FN7R5bk=",
        "last_login": null,
        "is_superuser": true,
        "username": "antero",
        "first_name": "",
        "last_name": "",
        "email": "",
        "is_staff": true,
        "is_active": true,
        "date_joined": "2024-10-15T22:47:57.384",
        "groups": [],
        "user_permissions": []
    }
},
{
    "model": "farmacia.proveedor",
    "pk": 1,
    "fields": {
        "nombre": "Citizen clear identify they. Travel present natural fund provide.",
        "direccion": "Same more operation theory support within. Black interest bed stay material.\nFine wear decade describe enough president. Something establish college friend nice ago face.",
        "telefono": "Service chance.",
        "email": "hollowayrebecca@example.org"
    }
},
{
    "model": "farmacia.proveedor",
    "pk": 2,
    "fields": {
        "nombre": "Method one part. Case military day member energy off beat.",
        "direccion": "Tend discover on now computer cause keep. Above foreign large beat kind tree learn.\nOver lawyer direction democratic. Necessary join billion treat. Test for president board else.",
        "telefono": "Lay six almost.",
        "email": "ldominguez@example.org"
    }
},
{
    "model": "farmacia.proveedor",
    "pk": 3,
    "fields": {
        "nombre": "Great few fact nearly. Get organization our scene meet role century.",
        "direccion": "Piece perform security center as improve. Stop hard arrive figure action player.\nTerm whom soon understand north event design. Nothing instead either reduce well.",
        "telefono": "Seven director.",
        "email": "jill83@example.org"
    }
},
{
    "model": "farmacia.proveedor",
    "pk": 4,
    "fields": {
        "nombre": "Eye amount class around control. Visit concern face seven easy after.",
        "direccion": "Recent various money protect girl teacher world way. Meeting leader color hundred.\nMagazine capital child type hour. Sister effect executive them compare. Trial home page its.",
        "telefono": "Direction.",
        "email": "tstokes@example.net"
    }
},
{
    "model": "farmacia.proveedor",
    "pk": 5,
    "fields": {
        "nombre": "Bed include security different too.\nLeast individual across model product.",
        "direccion": "Field blood bar art environment popular. Region spring those my.",
        "telefono": "Term politics.",
        "email": "medinaallison@example.com"
    }
},
{
    "model": "farmacia.proveedor",
    "pk": 6,
    "fields": {
        "nombre": "Marriage side go after. Fund hundred grow reason.",
        "direccion": "Cost particular down understand law big show. Tough well add tree knowledge. Attack bank cultural choose.",
        "telefono": "Learn career.",
        "email": "qbraun@example.org"
    }
},
{
    "model": "farmacia.proveedor",
    "pk": 7,
    "fields": {
        "nombre": "Scientist check especially lay various direction represent.",
        "direccion": "Place and argue red. Through science relationship.\nExpect sport direction miss visit south room. Yeah while win enjoy receive close.\nEnvironment her such write range million talk. Material fact cell.",
        "telefono": "Dinner benefit.",
        "email": "dnelson@example.net"
    }
},
{
    "model": "farmacia.proveedor",
    "pk": 8,
    "fields": {
        "nombre": "Base appear read edge. Ground kind your media need recent. Maintain degree step.",
        "direccion": "Growth effort yeah get machine. Town may speech family interesting. Reason natural bank than artist final.",
        "telefono": "Other less.",
        "email": "sheltonmichael@example.org"
    }
},
{
    "model": "farmacia.proveedor",
    "pk": 9,
    "fields": {
        "nombre": "Gun again various edge. Find world this room conference.",
        "direccion": "Protect recognize you have crime save. Fill everyone rule walk measure seek. Ever else capital dark view box grow. Product however answer community today under order religious.",
        "telefono": "Very although.",
        "email": "melissa79@example.com"
    }
},
{
    "model": "farmacia.proveedor",
    "pk": 10,
    "fields": {
        "nombre": "Who step there. Reveal travel star employee voice face seem.\nMeasure still business television.",
        "direccion": "Attack throughout four paper ground owner theory. Somebody face leave base discuss. Teach me daughter direction own culture.",
        "telefono": "Enter sister.",
        "email": "carolcarroll@example.com"
    }
},
{
    "model": "farmacia.cliente",
    "pk": 1,
    "fields": {
        "nombre": "Couple head who ask difference very actually special. Television rest toward yes allow message.",
        "apellido": "Article think trip game. Evidence else down full democratic. It simply success or.",
        "direccion": "Road alone along federal sit compare response. Situation price agree well woman story.\nRadio maybe grow rock. Have doctor realize any. Space station hospital reduce also tell score peace.",
        "email": "michelle06@example.net",
        "telefono": "So memory hair.",
        "frecuente": true
    }
},
{
    "model": "farmacia.cliente",
    "pk": 2,
    "fields": {
        "nombre": "Not into scene stay glass until food. Election the appear friend model world at meeting.",
        "apellido": "Opportunity like nearly base increase.",
        "direccion": "Table commercial skill campaign. Every account hundred product suddenly. While feel fund scene subject talk.\nPlace ready law the worker enjoy suggest. Interview often feel difference.",
        "email": "nicholasneal@example.com",
        "telefono": "Know feeling.",
        "frecuente": false
    }
},
{
    "model": "farmacia.cliente",
    "pk": 3,
    "fields": {
        "nombre": "Each believe exactly example. Law top share idea wear true hundred.",
        "apellido": "Or read like campaign impact them.",
        "direccion": "Today dream their yeah scientist research. Page right need public everything someone. Customer analysis draw voice country interview.",
        "email": "hschneider@example.com",
        "telefono": "School.",
        "frecuente": false
    }
},
{
    "model": "farmacia.cliente",
    "pk": 4,
    "fields": {
        "nombre": "Do laugh scientist around travel part. Culture myself president dark foreign left effect run.",
        "apellido": "Political foreign deal why.",
        "direccion": "Employee someone likely similar sister beyond why. Table them enjoy how. Bar half southern add.\nOr result course. Reveal girl interesting since tough ok. Analysis interesting toward.",
        "email": "louishoffman@example.org",
        "telefono": "Seven report.",
        "frecuente": false
    }
},
{
    "model": "farmacia.cliente",
    "pk": 5,
    "fields": {
        "nombre": "Specific whole defense material meeting voice. Any better knowledge onto.",
        "apellido": "Piece goal site believe grow. Arm many somebody involve. Man according it.\nSpecial south get them.",
        "direccion": "Recognize pass wear result there. Career finish prevent particularly perhaps light.\nDark my leg. Including weight network tough responsibility. Ten blood economic product step bring coach.",
        "email": "laura91@example.com",
        "telefono": "Air town.",
        "frecuente": false
    }
},
{
    "model": "farmacia.cliente",
    "pk": 6,
    "fields": {
        "nombre": "Single become option. Professional parent learn while attention.",
        "apellido": "Break add million summer owner sort material require. Teach discussion report use.",
        "direccion": "Must PM task stand wrong poor. Thank surface buy serve then white.\nGarden pay can break look. Case entire senior bill. Administration before marriage cup foot east official best.",
        "email": "wpatterson@example.com",
        "telefono": "Man lose may.",
        "frecuente": false
    }
},
{
    "model": "farmacia.cliente",
    "pk": 7,
    "fields": {
        "nombre": "Itself join or sport meet seven hair ground. Audience follow week yard defense.",
        "apellido": "Top middle law catch himself town. Light whether if oil scientist. Piece policy business inside.",
        "direccion": "Meet treat drop. Air similar southern together stuff fine. Attorney join pretty at front describe remain.",
        "email": "brianclark@example.net",
        "telefono": "Around may.",
        "frecuente": true
    }
},
{
    "model": "farmacia.cliente",
    "pk": 8,
    "fields": {
        "nombre": "Old office current realize prevent hotel light. Reason success after.",
        "apellido": "Hot hot heart increase. Democrat air available mother support marriage test.",
        "direccion": "Tough wait success hope seat. Feel person address. Environmental up base worry.\nEvent tonight near force quickly.\nSuddenly me professional system difficult. Most religious factor beyond cost ten oil.",
        "email": "jennifer57@example.com",
        "telefono": "Raise case.",
        "frecuente": false
    }
},
{
    "model": "farmacia.cliente",
    "pk": 9,
    "fields": {
        "nombre": "Peace media adult writer. Step various court piece appear impact. Structure piece explain.",
        "apellido": "Relationship along support trip history. Range catch seem yes nation crime position.",
        "direccion": "Boy take control face tonight. Mission space represent sport early benefit environmental. House yard student it detail.",
        "email": "wdurham@example.com",
        "telefono": "Herself center.",
        "frecuente": true
    }
},
{
    "model": "farmacia.cliente",
    "pk": 10,
    "fields": {
        "nombre": "Anyone instead cause. Less instead allow everybody.\nCompany parent big most discover article.",
        "apellido": "Ago door trip defense great. Wide reach red try case art share. Soldier TV remain.",
        "direccion": "Police best will book hot. Budget front present leg create place sing. Outside student prevent mention.\nCompany above establish kind low line. Hot while each enter institution.",
        "email": "kellyryan@example.net",
        "telefono": "Without ready.",
        "frecuente": false
    }
},
{
    "model": "farmacia.medicamento",
    "pk": 1,
    "fields": {
        "nombre": "Moment care be exactly sell bag person. Affect me sport trip learn.",
        "descripcion": "No hay descripción disponible",
        "precio": "0.31",
        "stock": 27180,
        "fecha_caducidad": "1998-04-07",
        "proveedor": 7
    }
},
{
    "model": "farmacia.medicamento",
    "pk": 2,
    "fields": {
        "nombre": "Interest late economic suddenly same. A apply to ago something common.",
        "descripcion": "No hay descripción disponible",
        "precio": "0.42",
        "stock": 24503,
        "fecha_caducidad": "1975-02-21",
        "proveedor": 9
    }
},
{
    "model": "farmacia.medicamento",
    "pk": 3,
    "fields": {
        "nombre": "Life fine really style natural return only.",
        "descripcion": "No hay descripción disponible",
        "precio": "0.81",
        "stock": 23526,
        "fecha_caducidad": "1989-05-23",
        "proveedor": 8
    }
},
{
    "model": "farmacia.medicamento",
    "pk": 4,
    "fields": {
        "nombre": "Indicate statement among beat mother else. Back media onto still get.",
        "descripcion": "No hay descripción disponible",
        "precio": "0.82",
        "stock": 10021,
        "fecha_caducidad": "2007-06-20",
        "proveedor": 3
    }
},
{
    "model": "farmacia.medicamento",
    "pk": 5,
    "fields": {
        "nombre": "Happen anything evidence group.",
        "descripcion": "No hay descripción disponible",
        "precio": "0.89",
        "stock": 12667,
        "fecha_caducidad": "1973-11-20",
        "proveedor": 9
    }
},
{
    "model": "farmacia.medicamento",
    "pk": 6,
    "fields": {
        "nombre": "Allow responsibility field father large sell.",
        "descripcion": "No hay descripción disponible",
        "precio": "0.08",
        "stock": 11075,
        "fecha_caducidad": "2012-12-06",
        "proveedor": 6
    }
},
{
    "model": "farmacia.medicamento",
    "pk": 7,
    "fields": {
        "nombre": "Group around another theory. War shake this may attention car specific.",
        "descripcion": "No hay descripción disponible",
        "precio": "0.58",
        "stock": 254,
        "fecha_caducidad": "2018-07-18",
        "proveedor": 8
    }
},
{
    "model": "farmacia.medicamento",
    "pk": 8,
    "fields": {
        "nombre": "Student race carry rest the reduce. Health which step few lose.",
        "descripcion": "No hay descripción disponible",
        "precio": "0.74",
        "stock": 26805,
        "fecha_caducidad": "1976-07-24",
        "proveedor": 4
    }
},
{
    "model": "farmacia.medicamento",
    "pk": 9,
    "fields": {
        "nombre": "Thousand alone off three unit bank.\nFor center we position hair stock.",
        "descripcion": "No hay descripción disponible",
        "precio": "0.77",
        "stock": 6031,
        "fecha_caducidad": "2007-01-19",
        "proveedor": 9
    }
},
{
    "model": "farmacia.medicamento",
    "pk": 10,
    "fields": {
        "nombre": "Glass add window book politics strategy radio. Face page century serve.",
        "descripcion": "No hay descripción disponible",
        "precio": "0.20",
        "stock": 10195,
        "fecha_caducidad": "1990-09-30",
        "proveedor": 7
    }
},
{
    "model": "farmacia.receta",
    "pk": 1,
    "fields": {
        "cliente": 1,
        "descripcion": "Partner hour everyone full late development. Cut wrong watch Mr become. Certainly head design figure but.",
        "nombre_compania": "Term suddenly something chance beat where.",
        "fecha_emision": "2016-05-24",
        "fecha_caducidad": "2016-07-31"
    }
},
{
    "model": "farmacia.receta",
    "pk": 2,
    "fields": {
        "cliente": 2,
        "descripcion": "Itself program speak let collection few left. Physical region TV list plan public major close.",
        "nombre_compania": "Attorney sort perform front pattern wear different. Late court center cell. Provide remain front.",
        "fecha_emision": "1978-08-08",
        "fecha_caducidad": "2003-03-06"
    }
},
{
    "model": "farmacia.receta",
    "pk": 3,
    "fields": {
        "cliente": 9,
        "descripcion": "Create late actually arrive couple shake. Reason coach big hospital old amount.\nAhead stock professional. Amount understand expert war peace. Special view she.",
        "nombre_compania": "Politics rule difference room right. Quickly often have away. Along no head manage value interest.",
        "fecha_emision": "1979-03-01",
        "fecha_caducidad": "2020-04-18"
    }
},
{
    "model": "farmacia.receta",
    "pk": 4,
    "fields": {
        "cliente": 8,
        "descripcion": "Push leg check beyond. Several Mr feeling few. Price yourself happen power everything only.",
        "nombre_compania": "Court work recent listen father. Language idea us the. Measure Mrs seven show learn tough type.",
        "fecha_emision": "2005-05-08",
        "fecha_caducidad": "1992-09-27"
    }
},
{
    "model": "farmacia.receta",
    "pk": 5,
    "fields": {
        "cliente": 3,
        "descripcion": "Next manager against guy company arrive. Thus help close however miss. History toward air.",
        "nombre_compania": "Happy significant nice fall side.",
        "fecha_emision": "2017-09-04",
        "fecha_caducidad": "1985-12-09"
    }
},
{
    "model": "farmacia.receta",
    "pk": 6,
    "fields": {
        "cliente": 10,
        "descripcion": "During skill name former camera stand particular full. Voice probably who economic. Write story else event sit large our. Fine subject federal information.\nNorth teacher hope boy scientist whole.",
        "nombre_compania": "Realize case recognize air.",
        "fecha_emision": "1986-10-28",
        "fecha_caducidad": "1995-05-07"
    }
},
{
    "model": "farmacia.receta",
    "pk": 7,
    "fields": {
        "cliente": 7,
        "descripcion": "Teach deal yourself effort research. Up industry might property husband less.\nHead politics ground system decide. Store language although.\nOver official study. Special north Republican call.",
        "nombre_compania": "Full we even lead daughter. Home along positive term.",
        "fecha_emision": "1998-08-24",
        "fecha_caducidad": "2006-06-02"
    }
},
{
    "model": "farmacia.receta",
    "pk": 8,
    "fields": {
        "cliente": 5,
        "descripcion": "Site growth future knowledge democratic lawyer. Even never economic. Analysis item practice wall popular technology course American.",
        "nombre_compania": "Perform day carry write western store decide maintain. Street reason summer million world me.",
        "fecha_emision": "2018-08-14",
        "fecha_caducidad": "2004-05-23"
    }
},
{
    "model": "farmacia.receta",
    "pk": 9,
    "fields": {
        "cliente": 4,
        "descripcion": "Modern record back natural policy.\nPurpose stand wear politics bag. Open bar since enter win down.\nBase often deal conference. Scientist share people sing.",
        "nombre_compania": "Choice increase none consider executive over. Over expect discussion.",
        "fecha_emision": "1989-03-21",
        "fecha_caducidad": "1980-10-11"
    }
},
{
    "model": "farmacia.receta",
    "pk": 10,
    "fields": {
        "cliente": 6,
        "descripcion": "Star around bad accept. Sign eye nature rate.\nWindow organization meeting yard recently. Herself child woman wrong. Suggest pass personal administration science they.",
        "nombre_compania": "Four agree we final book alone. American look town federal.",
        "fecha_emision": "2014-08-17",
        "fecha_caducidad": "1994-10-01"
    }
},
{
    "model": "farmacia.venta",
    "pk": 1,
    "fields": {
        "cliente": 7,
        "fecha_entrega": "1972-11-09",
        "cantidad": 3974,
        "precio": "0.90",
        "recibo": "Science machine style billion knowledge. Song station officer join social them.",
        "medicamentos": [
            5
        ]
    }
},
{
    "model": "farmacia.venta",
    "pk": 2,
    "fields": {
        "cliente": 3,
        "fecha_entrega": "2010-05-15",
        "cantidad": 9055,
        "precio": "0.91",
        "recibo": "Quite town inside third. Role yeah memory remain without peace. Street ago sort.",
        "medicamentos": [
            2,
            9
        ]
    }
},
{
    "model": "farmacia.venta",
    "pk": 3,
    "fields": {
        "cliente": 9,
        "fecha_entrega": "1991-02-20",
        "cantidad": 26068,
        "precio": "0.83",
        "recibo": "Campaign admit reveal across other. Easy seat far newspaper station me whether interesting.",
        "medicamentos": [
            2,
            4,
            8
        ]
    }
},
{
    "model": "farmacia.venta",
    "pk": 4,
    "fields": {
        "cliente": 2,
        "fecha_entrega": "1984-10-19",
        "cantidad": 17001,
        "precio": "0.90",
        "recibo": "Maybe offer ask pressure everyone list activity. Next mention statement. Choose reflect none let.",
        "medicamentos": [
            1,
            4
        ]
    }
},
{
    "model": "farmacia.venta",
    "pk": 5,
    "fields": {
        "cliente": 1,
        "fecha_entrega": "2009-04-17",
        "cantidad": 27197,
        "precio": "0.85",
        "recibo": "Heavy show performance loss base. Indeed evening fire. Ok wall one claim wait.",
        "medicamentos": [
            2,
            5,
            8
        ]
    }
},
{
    "model": "farmacia.venta",
    "pk": 6,
    "fields": {
        "cliente": 5,
        "fecha_entrega": "1987-08-10",
        "cantidad": 20722,
        "precio": "0.89",
        "recibo": "Your inside less provide pattern. Mr network thousand very edge. Care decide fall according police.",
        "medicamentos": [
            3,
            5,
            7
        ]
    }
},
{
    "model": "farmacia.venta",
    "pk": 7,
    "fields": {
        "cliente": 10,
        "fecha_entrega": "2007-06-07",
        "cantidad": 5955,
        "precio": "0.48",
        "recibo": "Change series gun trade bad interest. Name side culture song man.",
        "medicamentos": [
            1
        ]
    }
},
{
    "model": "farmacia.venta",
    "pk": 8,
    "fields": {
        "cliente": 6,
        "fecha_entrega": "2011-02-05",
        "cantidad": 24956,
        "precio": "0.17",
        "recibo": "Both west near military job.",
        "medicamentos": [
            1
        ]
    }
},
{
    "model": "farmacia.venta",
    "pk": 9,
    "fields": {
        "cliente": 3,
        "fecha_entrega": "2008-02-29",
        "cantidad": 27773,
        "precio": "0.78",
        "recibo": "Whole around day sure account. Reality something ability company these.",
        "medicamentos": [
            7
        ]
    }
},
{
    "model": "farmacia.venta",
    "pk": 10,
    "fields": {
        "cliente": 5,
        "fecha_entrega": "1981-08-14",
        "cantidad": 10860,
        "precio": "0.23",
        "recibo": "Easy call blue imagine president. Affect citizen during spring major impact.",
        "medicamentos": [
            1,
            10
        ]
    }
},
{
    "model": "farmacia.empleado",
    "pk": 1,
    "fields": {
        "nombre": "Deep these maintain. Door lose the. View sign start good article service.",
        "apellido": "Space mention minute pattern Democrat image.",
        "cargo": "Decision bad scene interest allow identify.",
        "sueldo": "0.61"
    }
},
{
    "model": "farmacia.empleado",
    "pk": 2,
    "fields": {
        "nombre": "Great choice part little. Military everyone to miss data just. He book give drug pretty.",
        "apellido": "Carry bank four field probably rock low. Back approach discuss military that evening.",
        "cargo": "Up herself option follow image firm safe.",
        "sueldo": "0.51"
    }
},
{
    "model": "farmacia.empleado",
    "pk": 3,
    "fields": {
        "nombre": "Save girl Congress wrong how my western. Role someone tonight mission book knowledge kid.",
        "apellido": "Finally forget race nation party paper full gun. Difficult knowledge career.",
        "cargo": "Window minute four could pretty account.",
        "sueldo": "0.48"
    }
},
{
    "model": "farmacia.empleado",
    "pk": 4,
    "fields": {
        "nombre": "Sister matter front prepare off. Treatment staff training land to card. Or yard company first.",
        "apellido": "Artist condition figure. Stuff station build money weight amount worry.",
        "cargo": "Rise cut those skin itself child back.",
        "sueldo": "0.70"
    }
},
{
    "model": "farmacia.empleado",
    "pk": 5,
    "fields": {
        "nombre": "Safe once appear base produce system. Quickly guy when expert when send national.",
        "apellido": "Population together ground stand.",
        "cargo": "Little behind require few shake clear sure phone.",
        "sueldo": "0.57"
    }
},
{
    "model": "farmacia.empleado",
    "pk": 6,
    "fields": {
        "nombre": "Represent item sell raise player.",
        "apellido": "Less almost probably. Final rule majority decide anything.",
        "cargo": "Gas government site southern car.",
        "sueldo": "0.55"
    }
},
{
    "model": "farmacia.empleado",
    "pk": 7,
    "fields": {
        "nombre": "Last report run knowledge act line. Anyone should stage happen run future.",
        "apellido": "Then me yourself. Street she power good. Drug consumer very provide lose positive.",
        "cargo": "Lay speech send past customer.",
        "sueldo": "0.15"
    }
},
{
    "model": "farmacia.empleado",
    "pk": 8,
    "fields": {
        "nombre": "Seem traditional seek country. Within beat small leave I.\nStaff evidence camera sea raise.",
        "apellido": "Politics success whom long. True tonight hundred television beat company.",
        "cargo": "Me power step last capital.",
        "sueldo": "0.50"
    }
},
{
    "model": "farmacia.empleado",
    "pk": 9,
    "fields": {
        "nombre": "Price another see. Myself ago report woman policy require. Similar focus glass here.",
        "apellido": "Whose while open friend work race standard. Indicate home day assume.",
        "cargo": "Leader everyone stay.",
        "sueldo": "0.82"
    }
},
{
    "model": "farmacia.empleado",
    "pk": 10,
    "fields": {
        "nombre": "Make nice foot knowledge pretty idea PM. Money seven guess involve help.",
        "apellido": "Leg former likely girl strong possible. Popular population enter player. List success nearly often.",
        "cargo": "City want believe still short.",
        "sueldo": "0.06"
    }
},
{
    "model": "farmacia.farmacia",
    "pk": 1,
    "fields": {
        "nombre": "Raise agent town letter. Player for quite light provide.",
        "direccion": "View direction then. Out identify defense leg media toward street. Brother audience dream worker blue message yeah reality.\nWest key firm effort activity. Inside couple bill billion girl.",
        "telefono": "Individual.",
        "email": "treed@example.net",
        "url_web": "https://www.herrera.info/tags/categoriesfaq.htm",
        "propietario": 3,
        "empleados": [
            7,
            8
        ]
    }
},
{
    "model": "farmacia.farmacia",
    "pk": 2,
    "fields": {
        "nombre": "Produce station continue role like center his. Provide feel central possible.",
        "direccion": "Pretty vote however house pull. Either event if.\nTell old effort environment whose. Very sound consider sit PM film will. Never more customer actually avoid.",
        "telefono": "During next as.",
        "email": "dwilliams@example.com",
        "url_web": "http://shepherd.net/wp-contentpost.php",
        "propietario": 1,
        "empleados": [
            2,
            6,
            9
        ]
    }
},
{
    "model": "farmacia.farmacia",
    "pk": 3,
    "fields": {
        "nombre": "From kid capital gas war. Baby us stand become happen.",
        "direccion": "Deal seat how start according of sister. Live wonder fight investment form show operation cell. Though trip dog during fast happy. Number talk everything hope finally.",
        "telefono": "Lot save.",
        "email": "martinsonya@example.net",
        "url_web": "http://www.smith.com/explore/postslogin.asp",
        "propietario": 5,
        "empleados": [
            2,
            9,
            10
        ]
    }
},
{
    "model": "farmacia.farmacia",
    "pk": 4,
    "fields": {
        "nombre": "Success garden model professor drive these program. Exist hard officer general.",
        "direccion": "Education minute claim number doctor. Debate avoid various old happen plant.\nHave reveal condition fast exactly mission. Brother top to might. Evidence attention talk parent another.",
        "telefono": "Paper student.",
        "email": "michael55@example.org",
        "url_web": "http://curtis.com/list/wp-content/searchsearch.html",
        "propietario": 4,
        "empleados": [
            6
        ]
    }
},
{
    "model": "farmacia.farmacia",
    "pk": 5,
    "fields": {
        "nombre": "News management it growth seven resource. Outside behind today until.",
        "direccion": "Culture something buy agent do kind. Meet improve view as manager truth show. Sense system board court whatever series have.",
        "telefono": "Dog.",
        "email": "jeremymcfarland@example.net",
        "url_web": "https://www.lutz-jones.com/categoriesfaq.htm",
        "propietario": 10,
        "empleados": [
            3,
            4
        ]
    }
},
{
    "model": "farmacia.farmacia",
    "pk": 6,
    "fields": {
        "nombre": "Learn require girl body light. Day and enter answer no agent outside.",
        "direccion": "Energy best scene red. Certain fire while firm industry include.\nSeat later attorney appear affect new Congress. Song decide pass toward.",
        "telefono": "Building left.",
        "email": "amyanderson@example.net",
        "url_web": "http://baldwin-kelly.com/category/tagregister.jsp",
        "propietario": 7,
        "empleados": [
            8
        ]
    }
},
{
    "model": "farmacia.farmacia",
    "pk": 7,
    "fields": {
        "nombre": "School around large career church audience city through.",
        "direccion": "Company reality do road heart. Light former guy yourself nearly west.\nAgent level light year line. Election start yourself standard contain drop. Training different begin thing.",
        "telefono": "Real would.",
        "email": "john81@example.net",
        "url_web": "https://lambert.org/wp-content/search/taghomepage.html",
        "propietario": 6,
        "empleados": [
            10
        ]
    }
},
{
    "model": "farmacia.farmacia",
    "pk": 8,
    "fields": {
        "nombre": "Your sport born operation administration partner maintain.",
        "direccion": "Foreign together institution source rock attack. Their spend simply may suggest pretty.\nEspecially whole environmental truth quality. Scene however mind difficult sure.",
        "telefono": "Very second.",
        "email": "taylorbrown@example.org",
        "url_web": "http://leach.com/explore/appterms.html",
        "propietario": 2,
        "empleados": [
            3,
            9
        ]
    }
},
{
    "model": "farmacia.farmacia",
    "pk": 9,
    "fields": {
        "nombre": "Beyond raise old reason pressure difference. Police knowledge study American identify.",
        "direccion": "Often business throw total. On hour third let Congress board. Conference career positive else become table participant. Back while ready exactly thousand send.",
        "telefono": "Defense style.",
        "email": "ksimon@example.net",
        "url_web": "https://whitaker-malone.info/blogauthor.jsp",
        "propietario": 8,
        "empleados": [
            10
        ]
    }
},
{
    "model": "farmacia.farmacia",
    "pk": 10,
    "fields": {
        "nombre": "Body describe force wall her new. Show look free think gun any. Open without model pattern tough.",
        "direccion": "Employee scene consumer than. Expert fine smile. Near collection behavior expert individual bar.\nMouth government record newspaper lay interesting another. Picture interview push parent gas.",
        "telefono": "Suddenly.",
        "email": "pward@example.org",
        "url_web": "https://www.wells-johnson.com/listpost.htm",
        "propietario": 9,
        "empleados": [
            1,
            6
        ]
    }
},
{
    "model": "farmacia.pedido",
    "pk": 1,
    "fields": {
        "proveedor": 6,
        "coste_total": "0.46",
        "observacion": "Music computer try method usually specific. Money give field. Ready order attack environment blue science grow.",
        "fecha_pedido": "2014-12-30"
    }
},
{
    "model": "farmacia.pedido",
    "pk": 2,
    "fields": {
        "proveedor": 3,
        "coste_total": "0.47",
        "observacion": "Property again test.\nHuman service so about help people story wait. Yet those popular hit vote now.\nWay old seven specific decade throughout.",
        "fecha_pedido": "1972-01-03"
    }
},
{
    "model": "farmacia.pedido",
    "pk": 3,
    "fields": {
        "proveedor": 2,
        "coste_total": "0.13",
        "observacion": "Apply like fund several. Spring color tell place. Thought moment various himself range.\nThe challenge debate necessary identify. Right behind change standard quality work town.",
        "fecha_pedido": "1998-06-27"
    }
},
{
    "model": "farmacia.pedido",
    "pk": 4,
    "fields": {
        "proveedor": 10,
        "coste_total": "0.43",
        "observacion": "His save smile along perhaps left senior. Without the than give.",
        "fecha_pedido": "2000-10-20"
    }
},
{
    "model": "farmacia.pedido",
    "pk": 5,
    "fields": {
        "proveedor": 10,
        "coste_total": "0.21",
        "observacion": "Feeling whatever everything will record full budget language. Control seat candidate him family sister movie well.",
        "fecha_pedido": "2021-02-19"
    }
},
{
    "model": "farmacia.pedido",
    "pk": 6,
    "fields": {
        "proveedor": 3,
        "coste_total": "0.39",
        "observacion": "Purpose way future need during. Establish evidence could certain another hand hold north. Difference animal common career senior common plant national.",
        "fecha_pedido": "1996-06-13"
    }
},
{
    "model": "farmacia.pedido",
    "pk": 7,
    "fields": {
        "proveedor": 10,
        "coste_total": "0.71",
        "observacion": "Center song often light available. Discover say analysis road western firm husband. Kid truth another treat free necessary.",
        "fecha_pedido": "1979-07-14"
    }
},
{
    "model": "farmacia.pedido",
    "pk": 8,
    "fields": {
        "proveedor": 5,
        "coste_total": "0.23",
        "observacion": "Himself success must how education build her industry. Man unit well visit.\nSure require body wall ability.\nAct candidate stop form several late interesting detail. Arm without exactly wrong.",
        "fecha_pedido": "2008-11-15"
    }
},
{
    "model": "farmacia.pedido",
    "pk": 9,
    "fields": {
        "proveedor": 2,
        "coste_total": "0.85",
        "observacion": "Laugh hotel former four. Thus they out collection significant. Scientist us alone her others. Like seven hospital position.",
        "fecha_pedido": "2017-05-27"
    }
},
{
    "model": "farmacia.pedido",
    "pk": 10,
    "fields": {
        "proveedor": 1,
        "coste_total": "0.90",
        "observacion": "Author executive general member peace. Watch eat available treat tough kid base make. Option piece own bar natural us plant.",
        "fecha_pedido": "1976-08-28"
    }
},
{
    "model": "farmacia.inventario",
    "pk": 1,
    "fields": {
        "medicamento": 9,
        "cantidad_disponible": 1290,
        "ultima_actualizacion": "1975-06-11T05:55:47.631",
        "fecha_alta": "1992-06-07",
        "fecha_baja": "1971-08-05",
        "farmacia": 6
    }
},
{
    "model": "farmacia.inventario",
    "pk": 2,
    "fields": {
        "medicamento": 2,
        "cantidad_disponible": 23891,
        "ultima_actualizacion": "1995-02-07T08:48:08.612",
        "fecha_alta": "1995-11-30",
        "fecha_baja": "2023-03-25",
        "farmacia": 5
    }
},
{
    "model": "farmacia.inventario",
    "pk": 3,
    "fields": {
        "medicamento": 3,
        "cantidad_disponible": 12302,
        "ultima_actualizacion": "1979-01-17T16:18:47.063",
        "fecha_alta": "2003-10-30",
        "fecha_baja": "2001-10-01",
        "farmacia": 9
    }
},
{
    "model": "farmacia.inventario",
    "pk": 4,
    "fields": {
        "medicamento": 8,
        "cantidad_disponible": 13252,
        "ultima_actualizacion": "1994-03-27T01:02:57.356",
        "fecha_alta": "1992-06-13",
        "fecha_baja": "2018-06-25",
        "farmacia": 7
    }
},
{
    "model": "farmacia.inventario",
    "pk": 5,
    "fields": {
        "medicamento": 1,
        "cantidad_disponible": 13624,
        "ultima_actualizacion": "1979-08-12T15:51:00.232",
        "fecha_alta": "1999-04-26",
        "fecha_baja": "2009-07-18",
        "farmacia": 2
    }
},
{
    "model": "farmacia.inventario",
    "pk": 6,
    "fields": {
        "medicamento": 7,
        "cantidad_disponible": 29646,
        "ultima_actualizacion": "1996-01-30T16:39:50.956",
        "fecha_alta": "1996-08-17",
        "fecha_baja": "1998-08-03",
        "farmacia": 10
    }
},
{
    "model": "farmacia.inventario",
    "pk": 7,
    "fields": {
        "medicamento": 6,
        "cantidad_disponible": 13521,
        "ultima_actualizacion": "2004-05-27T18:22:13.712",
        "fecha_alta": "1992-04-24",
        "fecha_baja": "2008-01-30",
        "farmacia": 3
    }
},
{
    "model": "farmacia.inventario",
    "pk": 8,
    "fields": {
        "medicamento": 10,
        "cantidad_disponible": 8723,
        "ultima_actualizacion": "1988-10-31T04:26:12.672",
        "fecha_alta": "1981-06-20",
        "fecha_baja": "2024-02-17",
        "farmacia": 1
    }
},
{
    "model": "farmacia.inventario",
    "pk": 9,
    "fields": {
        "medicamento": 5,
        "cantidad_disponible": 7435,
        "ultima_actualizacion": "2022-11-21T11:52:11.214",
        "fecha_alta": "2024-02-08",
        "fecha_baja": "1976-03-04",
        "farmacia": 4
    }
},
{
    "model": "farmacia.inventario",
    "pk": 10,
    "fields": {
        "medicamento": 4,
        "cantidad_disponible": 609,
        "ultima_actualizacion": "2004-10-23T07:23:26.267",
        "fecha_alta": "1990-08-01",
        "fecha_baja": "2009-11-24",
        "farmacia": 8
    }
},
{
    "model": "farmacia.categoria",
    "pk": 1,
    "fields": {
        "nombre": "Manage community manager own whole.",
        "nombre_corto": "Policy.",
        "observacion": "Natural purpose provide book read. Increase big financial. Peace product sort stop early security hundred.",
        "color": "Station condition get cold manager cell.",
        "medicamentos": [
            6
        ]
    }
},
{
    "model": "farmacia.categoria",
    "pk": 2,
    "fields": {
        "nombre": "Western ask wonder face get.",
        "nombre_corto": "Treat.",
        "observacion": "Current production bed know central already. Condition increase professor production heavy last. Eight industry chair resource share course.\nOnce leave peace much.",
        "color": "Relationship your feeling eat wall.",
        "medicamentos": [
            3,
            8
        ]
    }
},
{
    "model": "farmacia.categoria",
    "pk": 3,
    "fields": {
        "nombre": "Body budget stop drop.",
        "nombre_corto": "Front.",
        "observacion": "Firm least bring approach. Rich ground feel.\nGrow year name training population represent attention. These month sell popular foot.",
        "color": "Mr within dark sport be.",
        "medicamentos": [
            2,
            6
        ]
    }
},
{
    "model": "farmacia.categoria",
    "pk": 4,
    "fields": {
        "nombre": "Many whose nice also forget.",
        "nombre_corto": "Property.",
        "observacion": "Hair college within stage top evidence. Idea move short course main spring design.\nSend early out through.",
        "color": "Brother off cover.",
        "medicamentos": [
            7,
            10
        ]
    }
},
{
    "model": "farmacia.categoria",
    "pk": 5,
    "fields": {
        "nombre": "Which read line candidate west participant every.",
        "nombre_corto": "Send into.",
        "observacion": "Sound wrong seven street. Issue relationship under human sea.\nSecurity fight former material voice. Set left prevent including.",
        "color": "Many citizen head wonder.",
        "medicamentos": [
            4,
            7,
            10
        ]
    }
},
{
    "model": "farmacia.categoria",
    "pk": 6,
    "fields": {
        "nombre": "Practice but collection.",
        "nombre_corto": "Reality.",
        "observacion": "Western democratic resource organization relationship. Subject administration nor let. Send garden day doctor.",
        "color": "Life institution blue low.",
        "medicamentos": [
            4,
            7
        ]
    }
},
{
    "model": "farmacia.categoria",
    "pk": 7,
    "fields": {
        "nombre": "Necessary benefit network enough.",
        "nombre_corto": "Agency.",
        "observacion": "Throw something outside group foreign walk. Listen concern price kind maintain agree risk knowledge.",
        "color": "Believe us success arm discover shoulder.",
        "medicamentos": [
            7
        ]
    }
},
{
    "model": "farmacia.categoria",
    "pk": 8,
    "fields": {
        "nombre": "Mean find director finally.",
        "nombre_corto": "Room.",
        "observacion": "Consider trial ahead can agency item issue force. Hotel part think alone heavy.",
        "color": "Fear let use. Treatment resource doctor specific.",
        "medicamentos": [
            4,
            10
        ]
    }
},
{
    "model": "farmacia.categoria",
    "pk": 9,
    "fields": {
        "nombre": "Mission poor travel at pressure edge.",
        "nombre_corto": "Prove.",
        "observacion": "Its difficult door. Operation although clearly.\nStuff community hold partner form. Meet mission stay article despite create.",
        "color": "Son or yet amount everybody.",
        "medicamentos": [
            5,
            7,
            8
        ]
    }
},
{
    "model": "farmacia.categoria",
    "pk": 10,
    "fields": {
        "nombre": "Yes everybody truth whole buy.",
        "nombre_corto": "Despite.",
        "observacion": "We environmental nor author quickly life myself. Sit statement factor.\nStand culture situation dark religious. Inside choice bit each at artist community. Same sell base wind laugh purpose food.",
        "color": "Great community name pretty ground find grow.",
        "medicamentos": [
            7
        ]
    }
}
]
